keywords,answer_en,answer_ta,answer_hi,answer_te,answer_kn
"tomato planting season,when to plant tomato,best time to sow tomato",Plant tomatoes at the start of the warm season: in spring for temperate regions and just after the last frost. Use seedlings and transplant when they have 4–6 true leaves; maintain warm days (25–30°C) for best growth.,"தக்காளி விதைப்பதை வெப்ப பருவ தொடக்கத்தில் செய்யுங்கள்: மிதமான பகுதிகளில் வसந்தத்தில், கடைசி பனியிலிருந்து பிறகு விதைக்க வேண்டும். 4–6 உண்மையான இலைகள் இருக்கும் போது மாற்று நட்டு; 25–30°C பகல் வெப்பநிலையை பராமரிக்கவும்.",टमाटर की बुवाई गर्म मौसम की शुरुआत में करें: समशीतोष्ण क्षेत्रों में वसंत में और अंतिम ठंढ के बाद रोपण करें। 4–6 असली पत्तियों वाले पौधों को प्रत्यारोपित करें; दिन का तापमान 25–30°C रखें।,టమాటా నాటడాన్ని వెచ్చని కాలం మొదట్లో చేయండి: సమశీతోష్ణ ప్రాంతాలలో వసంతకాలంలో మరియు చివరి మంచు తర్వాత నాటండి. 4–6 నిజమైన ఆకులు ఉన్నప్పుడు మొక్కలను మార్చి నాటండి; మంచి పెరుగుదల కోసం పగటి ఉష్ణోగ్రత 25–30°C ఉండేలా చూసుకోండి.,ಟೊಮೆಟೊ ಸಸಿಗಳನ್ನು ಬೆಚ್ಚಗಿನ ಋತುವಿನ ಆರಂಭದಲ್ಲಿ ನೆಡಬೇಕು: ಸಮಶೀತೋಷ್ಣ ಪ್ರದೇಶಗಳಲ್ಲಿ ವಸಂತಕಾಲದಲ್ಲಿ ಮತ್ತು ಕೊನೆಯ ಹಿಮದ ನಂತರ. 4–6 ನಿಜವಾದ ಎಲೆಗಳನ್ನು ಹೊಂದಿರುವಾಗ ಸಸಿಗಳನ್ನು ಕಸಿ ಮಾಡಿ; ಉತ್ತಮ ಬೆಳವಣಿಗೆಗಾಗಿ ಹಗಲಿನಲ್ಲಿ 25–30°C ತಾಪಮಾನವನ್ನು ಕಾಪಾಡಿಕೊಳ್ಳಿ.
"tomato weather,best weather for tomato,tomato climate","Tomatoes prefer warm, sunny days (25–30°C) and cool nights (18–20°C). Avoid frost and prolonged heavy rains which can cause blossom drop and disease.",தக்காளிக்கு 25–30°C பகல் வெப்பநிலை மற்றும் 18–20°C இரவு வெப்பநிலை பிடிக்கும். பனி மற்றும் நீண்ட மழையை தவிர்க்கவும்; இது மலர்ச்சி சிதைந்தல் மற்றும் நோய்களை உண்டாக்கும்.,टमाटर को 25–30°C दिन और 18–20°C रात के तापमान पसंद हैं। ओलावृष्टि और लगातार भारी बारिश से बचें।,"టమాటాలకు వెచ్చని, ఎండతో కూడిన పగటి ఉష్ణోగ్రతలు (25–30°C) మరియు చల్లని రాత్రులు (18–20°C) అంటే ఇష్టం. మంచు మరియు ఎక్కువ కాలం ఉండే భారీ వర్షాలను నివారించండి, ఇవి పూలు రాలడానికి మరియు వ్యాధికి కారణమవుతాయి.","ಟೊಮೆಟೊಗಳು ಬೆಚ್ಚಗಿನ, ಬಿಸಿಲಿನ ದಿನಗಳನ್ನು (25–30°C) ಮತ್ತು ತಂಪಾದ ರಾತ್ರಿಗಳನ್ನು (18–20°C) ಬಯಸುತ್ತವೆ. ಹಿಮ ಮತ್ತು ದೀರ್ಘಕಾಲದ ಭಾರೀ ಮಳೆಯನ್ನು ತಪ್ಪಿಸಿ, ಇದು ಹೂವು ಉದುರುವಿಕೆ ಮತ್ತು ರೋಗಕ್ಕೆ ಕಾರಣವಾಗಬಹುದು."
"tomato irrigation,how to irrigate tomato,water for tomato",Irrigate tomatoes regularly to keep soil evenly moist; avoid waterlogging. Use drip irrigation for water efficiency and water at the base to reduce foliar diseases.,தக்காளிக்கு மண் சமமாக மூடராமல் நீர்ப்பாசனம் செய்யுங்கள்; நீர் நிறைவாக இருக்கவேண்டாம். நீர் திறமைக்காக டிரிப் பாசனம் பயன்படுத்து; இலை நோய்களை குறைக்க அடிப்படையில் நீர் கொடுங்கள்.,टमाटर को नियमित रूप से सींचें ताकि मिट्टी समान रूप से नम रहे; जलभराव न होने दें। ड्रिप सिंचाई उपयोगी है और पत्तियों पर पानी न डालें।,మట్టిని సమానంగా తడిగా ఉంచడానికి టమాటాలకు క్రమం తప్పకుండా నీరు పెట్టండి; నీరు నిల్వ ఉండకుండా చూసుకోండి. నీటి సామర్థ్యం కోసం డ్రిప్ ఇరిగేషన్‌ను ఉపయోగించండి మరియు ఆకుల వ్యాధులను తగ్గించడానికి మొదలు వద్ద నీరు ఇవ్వండి.,ಮಣ್ಣನ್ನು ಸಮವಾಗಿ ತೇವವಾಗಿಡಲು ಟೊಮೆಟೊಗಳಿಗೆ ನಿಯಮಿತವಾಗಿ ನೀರಾವರಿ ಮಾಡಿ; ನೀರು ನಿಲ್ಲುವುದನ್ನು ತಪ್ಪಿಸಿ. ನೀರು ಉಳಿತಾಯಕ್ಕಾಗಿ ಹನಿ ನೀರಾವರಿ ಬಳಸಿ ಮತ್ತು ಎಲೆಗಳ ರೋಗಗಳನ್ನು ಕಡಿಮೆ ಮಾಡಲು ಬುಡಕ್ಕೆ ನೀರು ಹಾಕಿ.
"tomato fertilizer,fertilizer for tomato,tomato nutrients","Apply balanced fertilizer based on soil test. A typical schedule is N-P-K split applications, avoiding excess nitrogen near harvest; organic compost improves fruit quality.",மண் சோதனை அடிப்படையில் சமநிலை உரம் பயன்படுத்தவும். பொதுவாக N-P-K பிரிக்கப்பட்ட முறை பயன்படுத்த வேண்டும்; அறுவடைக்கு அருகில் அதிக நைட்ரஜனைத் தவிர்க்கவும்; கம்போஸ்ட் பழத்தின் தரத்தை மேம்படுத்தும்.,मिट्टी परीक्षण के आधार पर संतुलित उर्वरक दें। सामान्यतः N-P-K को विभाजित मात्रा में दें; कटाई के पास अधिक नाइट्रोजन से बचें; जैविक खाद फल की गुणवत्ता बढ़ाती है।,"మట్టి పరీక్ష ఆధారంగా సమతుల్య ఎరువును ఉపయోగించండి. సాధారణంగా N-P-K ను విడదీసి వేయండి, కోతకు దగ్గరగా అదనపు నైట్రోజన్‌ను నివారించండి; సేంద్రీయ కంపోస్ట్ పండ్ల నాణ్యతను మెరుగుపరుస్తుంది.","ಮಣ್ಣಿನ ಪರೀಕ್ಷೆಯ ಆಧಾರದ ಮೇಲೆ ಸಮತೋಲಿತ ಗೊಬ್ಬರವನ್ನು ಬಳಸಿ. ವಿಶಿಷ್ಟ ವೇಳಾಪಟ್ಟಿಯೆಂದರೆ N-P-K ವಿಭಜಿತ ಅನ್ವಯಗಳು, ಕೊಯ್ಲಿಗೆ ಹತ್ತಿರವಾಗಿರುವಾಗ ಅಧಿಕ ಸಾರಜನಕವನ್ನು ತಪ್ಪಿಸಿ; ಸಾವಯವ ಮಿಶ್ರಗೊಬ್ಬರವು ಹಣ್ಣಿನ ಗುಣಮಟ್ಟವನ್ನು ಸುಧಾರಿಸುತ್ತದೆ."
"tomato pests,tomato diseases,tomato pest management","Common pests: fruit borer, whitefly and leaf miner. Use integrated pest management: monitor, use pheromone traps, neem oil, and release beneficial insects. Remove severely infested plants.","பொதுவான பூச்சிகள்: பழச்சிவப்பு, வெள்ளை ஈ, இலை சுருங்கல். ஒருங்கிணைந்த பூச்சி மேலாண்மை (IPM) பின்பற்றுங்கள்: கண்காணிப்பு, பெரோமோன் காப்புகள், நீம் எண்ணெய் மற்றும் பயனுள்ள பூச்சிகளை அறுவை விடுங்கள்.","आम कीट: फल छेदक, सफेद मक्खी, पत्ती खनन करने वाले। IPM अपनाएँ: मॉनिटरिंग, फेरोमोन ट्रैप, नीम तेल और उपयोगी कीट छोड़ें।","సాధారణ కీటకాలు: పండు తొలిచే పురుగు, తెల్లదోమ మరియు ఆకు తొలిచే పురుగు. సమగ్ర కీటక నిర్వహణను ఉపయోగించండి: పర్యవేక్షణ, ఫెరోమోన్ ట్రాప్‌లు, వేప నూనె మరియు ప్రయోజనకరమైన కీటకాలను విడుదల చేయండి. తీవ్రంగా సోకిన మొక్కలను తొలగించండి.","ಸಾಮಾನ್ಯ ಕೀಟಗಳು: ಕಾಯಿ ಕೊರಕ, ಬಿಳಿ ನೊಣ ಮತ್ತು ಎಲೆ ಕೊರಕ. ಸಮಗ್ರ ಕೀಟ ನಿರ್ವಹಣೆಯನ್ನು ಬಳಸಿ: ಮೇಲ್ವಿಚಾರಣೆ ಮಾಡಿ, ಫೆರೋಮೋನ್ ಬಲೆಗಳು, ಬೇವಿನ ಎಣ್ಣೆ ಬಳಸಿ, ಮತ್ತು ಪ್ರಯೋಜನಕಾರಿ ಕೀಟಗಳನ್ನು ಬಿಡುಗಡೆ ಮಾಡಿ. ತೀವ್ರವಾಗಿ ಪೀಡಿತ ಸಸ್ಯಗಳನ್ನು ತೆಗೆದುಹಾಕಿ."
"brinjal planting,eggplant planting season,when to plant brinjal",Plant brinjal in warm seasons; seedlings transplant after 6–8 weeks. Keep spacing to allow airflow and reduce fungal issues.,வெஞ்ஞல் வெப்ப பருவங்களில் வளர்க்கவும்; 6–8 வாரங்கள் கழித்து மாற்று நட்டு. காற்றோட்டம் ஏற்பட இடைவெளி வைக்கவும்.,बैंगन गर्म मौसम में लगाएँ; 6–8 सप्ताह बाद प्रत्यारोपित करें। हवा का प्रवाह सुनिश्चित करने के लिए दूरी रखें।,వంగ మొక్కలను వెచ్చని కాలంలో నాటండి; 6–8 వారాల తర్వాత మొక్కలను మార్చి నాటండి. గాలి ప్రసరణకు మరియు శిలీంధ్ర సమస్యలను తగ్గించడానికి సరైన దూరం ఉంచండి.,ಬದನೆಕಾಯಿ ಸಸಿಗಳನ್ನು ಬೆಚ್ಚಗಿನ ಋತುಗಳಲ್ಲಿ ನೆಡಬೇಕು; 6–8 ವಾರಗಳ ನಂತರ ಸಸಿಗಳನ್ನು ಕಸಿ ಮಾಡಿ. ಗಾಳಿಯ ಹರಿವಿಗೆ ಮತ್ತು ಶಿಲೀಂಧ್ರ ಸಮಸ್ಯೆಗಳನ್ನು ಕಡಿಮೆ ಮಾಡಲು ಅಂತರವನ್ನು ಕಾಪಾಡಿಕೊಳ್ಳಿ.
"brinjal pests,eggplant pests,brinjal fruit borer","Brinjal fruit borer is serious: adopt pheromone traps, timely insecticide application as per extension advice, and remove infested fruits. Crop rotation helps long-term control.",வெஞ்ஞலில் பழச்சிவப்பு பிரச்சனை: பெரோமோன் காப்புகள் மற்றும் பரிந்துரைக் கூடிய நேரத்தில் பூச்சிக் கொல்லி பயன்படுத்து; பாதிக்கப்பட்ட பழங்களை அகற்று.,बैंगन में फल छेदक समस्या: फेरोमोन ट्रैप और समय पर कीटनाशक का उपयोग करें; संक्रमित फलों को हटाएँ।,"వంకాయలో పండు తొలిచే పురుగు తీవ్రమైనది: ఫెరోమోన్ ట్రాప్‌లు, సలహా మేరకు సరైన సమయంలో పురుగుమందుల వాడకం మరియు సోకిన పండ్లను తొలగించండి. పంట మార్పిడి దీర్ఘకాలిక నియంత్రణకు సహాయపడుతుంది.","ಬದನೆಕಾಯಿ ಕಾಯಿ ಕೊರಕ ಗಂಭೀರವಾಗಿದೆ: ಫೆರೋಮೋನ್ ಬಲೆಗಳನ್ನು ಅಳವಡಿಸಿ, ವಿಸ್ತರಣಾ ಸಲಹೆಯಂತೆ ಸಮಯಕ್ಕೆ ಸರಿಯಾಗಿ ಕೀಟನಾಶಕವನ್ನು ಅನ್ವಯಿಸಿ, ಮತ್ತು ಪೀಡಿತ ಹಣ್ಣುಗಳನ್ನು ತೆಗೆದುಹಾಕಿ. ಬೆಳೆ ಸರದಿ ದೀರ್ಘಕಾಲೀನ ನಿಯಂತ್ರಣಕ್ಕೆ ಸಹಾಯ ಮಾಡುತ್ತದೆ."
"okra planting,ladies finger planting,when to plant okra",Okra grows well in warm weather; sow seeds in rows after the last frost and thin seedlings for proper spacing. Regular weeding and mulching improve yields.,வெப்பமான வானிலையில் வெந்நீலா சிறப்பாக வளரும்; கடைசி பனியிற்சியைத் தொடர்ந்து விதைகள் விதைக்கும் மற்றும் இடைவெளியை சரி செய்ய அகற்றவும்.,भिंडी गर्म मौसम में अच्छी होती है; अंतिम ठंढ के बाद बुवाई करें और उचित दूरी रखें।,బెండకాయ వెచ్చని వాతావరణంలో బాగా పెరుగుతుంది; చివరి మంచు తర్వాత విత్తనాలను వరుసలలో విత్తండి మరియు సరైన దూరం కోసం మొలకలను పల్చబర్చండి. క్రమం తప్పకుండా కలుపు తీయడం మరియు మల్చింగ్ దిగుబడిని మెరుగుపరుస్తాయి.,ಬೆಂಡೆಕಾಯಿ ಬೆಚ್ಚಗಿನ ವಾತಾವರಣದಲ್ಲಿ ಚೆನ್ನಾಗಿ ಬೆಳೆಯುತ್ತದೆ; ಕೊನೆಯ ಹಿಮದ ನಂತರ ಸಾಲುಗಳಲ್ಲಿ ಬೀಜಗಳನ್ನು ಬಿತ್ತಿ ಮತ್ತು ಸರಿಯಾದ ಅಂತರಕ್ಕಾಗಿ ಸಸಿಗಳನ್ನು ತೆಳುಗೊಳಿಸಿ. ನಿಯಮಿತ ಕಳೆ ತೆಗೆಯುವಿಕೆ ಮತ್ತು ಹೊದಿಕೆ ಇಳುವರಿಯನ್ನು ಸುಧಾರಿಸುತ್ತದೆ.
"okra pests,okra disease,lady finger pests",Common problems: aphids and fruit borers. Use neem spray and maintain good field hygiene. Intercropping with maize can reduce pest pressure.,பொதுவான பிரச்சனைகள்: அஃபிட்ஸ் மற்றும் பழச்சிவப்பு. நீம் தெளிப்பு மற்றும் நன்கு பராமரிப்பு செய்யவும்.,आम की समस्याएँ: एफिड्स और फल छेदक। नीम का छिड़काव करें और खेत की सफाई रखें।,సాధారణ సమస్యలు: అఫిడ్స్ మరియు పండు తొలిచే పురుగులు. వేప స్ప్రే ఉపయోగించండి మరియు మంచి క్షేత్ర పరిశుభ్రతను పాటించండి. మొక్కజొన్నతో అంతరపంట వేయడం కీటకాల పీడనాన్ని తగ్గిస్తుంది.,ಸಾಮಾನ್ಯ ಸಮಸ್ಯೆಗಳು: ಗಿಡಹೇನುಗಳು ಮತ್ತು ಕಾಯಿ ಕೊರಕಗಳು. ಬೇವಿನ ಸಿಂಪಡಣೆಯನ್ನು ಬಳಸಿ ಮತ್ತು ಉತ್ತಮ ಕ್ಷೇತ್ರದ ಸ್ವಚ್ಛತೆಯನ್ನು ಕಾಪಾಡಿಕೊಳ್ಳಿ. ಮೆಕ್ಕೆಜೋಳದೊಂದಿಗೆ ಅಂತರಬೆಳೆ ಮಾಡುವುದು ಕೀಟಗಳ ಒತ್ತಡವನ್ನು ಕಡಿಮೆ ಮಾಡಬಹುದು.
"potato planting,when to plant potato,potato sowing time","Plant potatoes in cool seasons with well-drained loamy soils. Use certified seed tubers, plant at correct depth, and hill soil around stems after emergence.",குளிர் பருவத்தில் சிறந்த வடிகால் கொண்ட லோமி மண்ணில் உருளைக்கிழங்கு நடுத்தலை செய்யுங்கள். சான்றுத் தகுதியான விதைகளை பயன்படுத்தவும்.,आलू ठंडे मौसम में अच्छी पैदावार देता है; प्रमाणित बीज कंदों का उपयोग करें और सही गहराई पर लगाएँ।,"బంగాళాదుంపలను చల్లని కాలంలో మంచి నీటి పారుదల గల లోమీ నేలల్లో నాటండి. ధృవీకరించబడిన విత్తన దుంపలను ఉపయోగించండి, సరైన లోతులో నాటండి మరియు మొలకెత్తిన తర్వాత కాండం చుట్టూ మట్టిని చేర్చండి.","ಸರಿಯಾದ ನೀರು ಬಸಿದು ಹೋಗುವ ಲೋಮಿ ಮಣ್ಣುಗಳಲ್ಲಿ ತಂಪಾದ ಋತುಗಳಲ್ಲಿ ಆಲೂಗಡ್ಡೆಯನ್ನು ನೆಡಬೇಕು. ಪ್ರಮಾಣೀಕೃತ ಬೀಜ ಗೆಡ್ಡೆಗಳನ್ನು ಬಳಸಿ, ಸರಿಯಾದ ಆಳದಲ್ಲಿ ನೆಡಬೇಕು ಮತ್ತು ಹೊರಹೊಮ್ಮಿದ ನಂತರ ಕಾಂಡಗಳ ಸುತ್ತಲೂ ಮಣ್ಣನ್ನು ಏರಿಸಬೇಕು."
"potato pests,potato late blight,potato disease control","Late blight is major: use certified seed, apply recommended fungicides at early signs, and remove infected plants. Maintain field drainage to reduce disease risk.",விலையீட்டுப் பூச்சி (late blight) பெரியது: சான்று விதைகள் மற்றும் நோய் ஆரம்பத்தில் பரிந்துரைக்கப்பட்ட பூச்சி மருந்துகளைப் பயன்படுத்தவும்.,लेट ब्लाइट गंभीर रोग है: प्रमाणित बीज और शुरुआती लक्षणों पर कवकनाशी लगाएँ।,"లేట్ బ్లైట్ ప్రధాన సమస్య: ధృవీకరించబడిన విత్తనాన్ని ఉపయోగించండి, ప్రారంభ సంకేతాల వద్ద సిఫార్సు చేయబడిన శిలీంద్రనాశకాలను వాడండి మరియు సోకిన మొక్కలను తొలగించండి. వ్యాధి ప్రమాదాన్ని తగ్గించడానికి క్షేత్ర పారుదల నిర్వహించండి.","ಲೇಟ್ ಬ್ಲೈಟ್ ಪ್ರಮುಖವಾಗಿದೆ: ಪ್ರಮಾಣೀಕೃತ ಬೀಜವನ್ನು ಬಳಸಿ, ಆರಂಭಿಕ ಚಿಹ್ನೆಗಳಲ್ಲಿ ಶಿಫಾರಸು ಮಾಡಿದ ಶಿಲೀಂಧ್ರನಾಶಕಗಳನ್ನು ಅನ್ವಯಿಸಿ, ಮತ್ತು ಸೋಂಕಿತ ಸಸ್ಯಗಳನ್ನು ತೆಗೆದುಹಾಕಿ. ರೋಗದ ಅಪಾಯವನ್ನು ಕಡಿಮೆ ಮಾಡಲು ಕ್ಷೇತ್ರದ ಒಳಚರಂಡಿಯನ್ನು ಕಾಪಾಡಿಕೊಳ್ಳಿ."
"onion planting,when to plant onion,onion sowing season",Onion prefers cool season with well-drained soils. Use transplants or direct seed depending on variety; ensure adequate nitrogen early and potassium towards bulb formation.,வெள்ளரிக்காய் (இஞ்சி) குளிர் பருவத்தில் மற்றும் நல்ல வடிகால் கொண்ட மண்ணை விரும்பும். வகைப் பொருத்தமாக மாற்று விதை அல்லது நேரடி விதை பயன்படுத்தவும்.,प्याज़ ठंडे मौसम में अच्छी होती है; किस्म के अनुसार प्रत्यारोपण या सीधा बुवाई करें। नाइट्रोजन पहले और पोटाशियम बल्ब बनने के समय दें।,ఉల్లిపాయ చల్లని కాలంలో మంచి నీటి పారుదల గల నేలలను ఇష్టపడుతుంది. రకాన్ని బట్టి మార్చి నాటడం లేదా నేరుగా విత్తడం చేయండి; బల్బ్ ఏర్పడే దశలో తగినంత నైట్రోజన్ ప్రారంభంలో మరియు పొటాషియం ఉండేలా చూసుకోండి.,ಈರುಳ್ಳಿ ಚೆನ್ನಾಗಿ ಬಸಿದು ಹೋಗುವ ಮಣ್ಣುಗಳೊಂದಿಗೆ ತಂಪಾದ ಋತುವನ್ನು ಆದ್ಯತೆ ನೀಡುತ್ತದೆ. ವಿವಿಧತೆಯನ್ನು ಅವಲಂಬಿಸಿ ಕಸಿ ಸಸಿಗಳನ್ನು ಅಥವಾ ನೇರ ಬೀಜವನ್ನು ಬಳಸಿ; ಆರಂಭದಲ್ಲಿ ಸಾಕಷ್ಟು ಸಾರಜನಕ ಮತ್ತು ಗೆಡ್ಡೆ ರಚನೆಯ ಕಡೆಗೆ ಪೊಟ್ಯಾಸಿಯಮ್ ಅನ್ನು ಖಚಿತಪಡಿಸಿಕೊಳ್ಳಿ.
"onion pests,onion thrips,onion disease","Onion thrips and fungal rots cause yield loss. Use tolerant varieties, avoid excessive irrigation, and apply recommended insecticides when threshold crossed.",வெள்ளரிக் கீறுபவர்கள் மற்றும் பூச்சிய நோய்கள் உற்பத்தி குறைவு செய்யும். சகிப்புத் திறன் உடைய வகைகள் உபயோகிக்கவும்.,प्याज़ में थ्रिप्स और फफूंदीय रोग होते हैं। सहनशील किस्में और नियंत्रित सिंचाई अपनाएँ।,"ఉల్లిపాయలో నల్లి పురుగు మరియు శిలీంద్రాల తెగుళ్లు దిగుబడి నష్టానికి కారణమవుతాయి. తట్టుకునే రకాలను ఉపయోగించండి, అధిక నీటిపారుదలని నివారించండి మరియు పరిమితి దాటినప్పుడు సిఫార్సు చేయబడిన పురుగుమందులను ఉపయోగించండి.","ಈರುಳ್ಳಿ ಥ್ರಿಪ್ಸ್ ಮತ್ತು ಶಿಲೀಂಧ್ರ ಕೊಳೆತಗಳು ಇಳುವರಿ ನಷ್ಟಕ್ಕೆ ಕಾರಣವಾಗುತ್ತವೆ. ಸಹಿಷ್ಣು ಪ್ರಭೇದಗಳನ್ನು ಬಳಸಿ, ಅತಿಯಾದ ನೀರಾವರಿಯನ್ನು ತಪ್ಪಿಸಿ, ಮತ್ತು ಮಿತಿ ಮೀರಿದಾಗ ಶಿಫಾರಸು ಮಾಡಿದ ಕೀಟನಾಶಕಗಳನ್ನು ಅನ್ವಯಿಸಿ."
"chilli planting,when to plant chili,chili sowing time",Sow chilli seedlings in warm season; transplant after 6–8 weeks. Ensure nutrient-rich soil and balanced NPK; harvest after color change depending on variety.,மிளகாய் விதைகள் வெப்ப காலத்தில் விதைக்கவும்; 6–8 வாரங்களுக்கு பிறகு மாற்று நட்டு. சமநிலை NPK வழங்கவும்.,मिर्च गर्म मौसम में बोएँ; 6–8 सप्ताह बाद प्रत्यारोपित करें और संतुलित NPK दें।,మిరప మొక్కలను వెచ్చని కాలంలో విత్తండి; 6–8 వారాల తర్వాత మార్చి నాటండి. పోషకాలు సమృద్ధిగా ఉండే మట్టిని మరియు సమతుల్య NPK ఉండేలా చూసుకోండి; రకాన్ని బట్టి రంగు మారిన తర్వాత కోయండి.,ಮೆಣಸಿನಕಾಯಿ ಸಸಿಗಳನ್ನು ಬೆಚ್ಚಗಿನ ಋತುವಿನಲ್ಲಿ ಬಿತ್ತಿ; 6–8 ವಾರಗಳ ನಂತರ ಕಸಿ ಮಾಡಿ. ಪೋಷಕಾಂಶ-ಭರಿತ ಮಣ್ಣು ಮತ್ತು ಸಮತೋಲಿತ NPK ಅನ್ನು ಖಚಿತಪಡಿಸಿಕೊಳ್ಳಿ; ವಿಧವನ್ನು ಅವಲಂಬಿಸಿ ಬಣ್ಣ ಬದಲಾವಣೆಯ ನಂತರ ಕೊಯ್ಲು ಮಾಡಿ.
"chilli pests,chili disease management,chilli viral disease","Chilli suffers from viral, bacterial and thrips problems. Rogue infected plants, use virus-free seedlings, and practice crop rotation and reflective mulches to reduce aphids/thrips.","மிளகாய் வைரஸ், பேக்டீரியா மற்றும் த்ரிப்ஸ் பாதிப்பு கூடும். பாதிக்கப்பட்ட செடிகளை அகற்றி, வைரஸ் இலையியல் விதைகள் பயன்படுத்தவும்.","मिर्च में वायरस, बैक्टीरिया और थ्रिप्स की समस्या होती है। संक्रमित पौधों को हटाएँ और वायरस-रहित पौधे उपयोग करें।","మిరప పంట వైరల్, బాక్టీరియల్ మరియు నల్లి పురుగు సమస్యలతో బాధపడుతుంది. సోకిన మొక్కలను తొలగించండి, వైరస్ లేని మొలకలను ఉపయోగించండి మరియు అఫిడ్స్/నల్లి పురుగులను తగ్గించడానికి పంట మార్పిడి మరియు ప్రతిబింబించే మల్చులను పాటించండి.","ಮೆಣಸಿನಕಾಯಿ ವೈರಲ್, ಬ್ಯಾಕ್ಟೀರಿಯಾ ಮತ್ತು ಥ್ರಿಪ್ಸ್ ಸಮಸ್ಯೆಗಳಿಂದ ಬಳಲುತ್ತದೆ. ಸೋಂಕಿತ ಸಸ್ಯಗಳನ್ನು ಕಿತ್ತುಹಾಕಿ, ವೈರಸ್-ಮುಕ್ತ ಸಸಿಗಳನ್ನು ಬಳಸಿ, ಮತ್ತು ಗಿಡಹೇನುಗಳು/ಥ್ರಿಪ್ಸ್ ಅನ್ನು ಕಡಿಮೆ ಮಾಡಲು ಬೆಳೆ ಸರದಿ ಮತ್ತು ಪ್ರತಿಫಲಿತ ಹೊದಿಕೆಗಳನ್ನು ಅಭ್ಯಾಸ ಮಾಡಿ."
"mango flowering,mango flowering season,when does mango flower",Mango typically flowers in late winter to early spring depending on variety and climate. Manage irrigation and nutrition before flowering to encourage heavy bloom and fruit set.,மாம்பழம் பருவம் மற்றும் வகையைப் பொருத்து குளிர்காலம் முடிவில் அல்லது ஒன்காலத்தில் மலர்கிறது. மலர்ப்புக்கு முன் சாக்பதி மற்றும் நீர் மேலாண்மையை கவனியுங்கள்.,आम आमतौर पर देर सर्दी से बसंत के आरम्भ में खिलता है; फूल आने से पहले सिंचाई और पोषण प्रबंधन आवश्यक है।,మామిడి సాధారణంగా రకం మరియు వాతావరణాన్ని బట్టి చలికాలం చివరలో లేదా వసంతకాలం ప్రారంభంలో పూస్తుంది. భారీగా పూత మరియు పండు కట్టడాన్ని ప్రోత్సహించడానికి పూతకు ముందు నీటిపారుదల మరియు పోషణను నిర్వహించండి.,ಮಾವಿನ ಹೂವು ಸಾಮಾನ್ಯವಾಗಿ ವಿಧ ಮತ್ತು ಹವಾಮಾನವನ್ನು ಅವಲಂಬಿಸಿ ಚಳಿಗಾಲದ ಕೊನೆಯಲ್ಲಿ ಅಥವಾ ವಸಂತಕಾಲದ ಆರಂಭದಲ್ಲಿ ಅರಳುತ್ತದೆ. ಭಾರೀ ಹೂಬಿಡುವಿಕೆ ಮತ್ತು ಕಾಯಿ ಕಟ್ಟುವುದು ಉತ್ತೇಜಿಸಲು ಹೂಬಿಡುವ ಮೊದಲು ನೀರಾವರಿ ಮತ್ತು ಪೋಷಣೆಯನ್ನು ನಿರ್ವಹಿಸಿ.
"mango pests,mango anthracnose,mango fruit fly","Mango fruit fly and anthracnose cause major losses. Use sanitation, fruit bagging where possible, and apply recommended fungicides and baiting for fruit fly control.",மாம்பழ பிளை மற்றும் ஆன்ட்ரக்னோஸ் பிரச்சினைகள் மிக பெரியது. சுத்தம் மற்றும் பழ பைகளைப் பயன்படுத்தவும்.,आम में फलों के कीड़े और एंन्थ्रैकनोस समस्या है। स्वच्छता और बैगिंग से बचाव करें।,"మామిడి పండు ఈగ మరియు ఆంత్రాక్నోస్ ప్రధాన నష్టాన్ని కలిగిస్తాయి. పరిశుభ్రత, సాధ్యమైతే పండ్ల సంచీలు ఉపయోగించండి మరియు పండు ఈగ నియంత్రణకు సిఫార్సు చేయబడిన శిలీంద్రనాశకాలు మరియు ఎరను వాడండి.","ಮಾವು ಕಾಯಿ ನೊಣ ಮತ್ತು ಆಂಥ್ರಾಕ್ನೋಸ್ ಪ್ರಮುಖ ನಷ್ಟವನ್ನು ಉಂಟುಮಾಡುತ್ತವೆ. ಸ್ವಚ್ಛತೆ, ಸಾಧ್ಯವಾದಲ್ಲಿ ಕಾಯಿಗಳನ್ನು ಬ್ಯಾಗಿಂಗ್ ಮಾಡುವುದು ಮತ್ತು ಕಾಯಿ ನೊಣ ನಿಯಂತ್ರಣಕ್ಕಾಗಿ ಶಿಫಾರಸು ಮಾಡಿದ ಶಿಲೀಂಧ್ರನಾಶಕಗಳು ಮತ್ತು ಬೈಟಿಂಗ್ ಅನ್ನು ಅನ್ವಯಿಸಿ."
"banana planting,when to plant banana,banana propagation","Plant banana suckers of appropriate age (12–18 months). Ensure deep fertile soil, regular irrigation and mulching; remove diseased suckers to prevent spread.","வாழைக்கு 12–18 மாத வயதுடைய சக்கரங்களை நடு. ஆழமான, உரமான மண் மற்றும் மழை நீர் தேவையாய் இருக்க வேண்டும்.",केले को 12–18 महीने उम्र के सुकरों से लगाएँ; गहरी उपजाऊ मिट्टी और नियमित सिंचाई अनिवार्य है।,"తగిన వయస్సు (12–18 నెలలు) గల అరటి పిలకలను నాటండి. లోతైన సారవంతమైన మట్టి, క్రమం తప్పకుండా నీటిపారుదల మరియు మల్చింగ్ ఉండేలా చూసుకోండి; వ్యాప్తిని నివారించడానికి వ్యాధిగ్రస్తమైన పిలకలను తొలగించండి.","ಸೂಕ್ತ ವಯಸ್ಸಿನ (12–18 ತಿಂಗಳುಗಳು) ಬಾಳೆ ಸಸಿಗಳನ್ನು ನೆಡಬೇಕು. ಆಳವಾದ ಫಲವತ್ತಾದ ಮಣ್ಣು, ನಿಯಮಿತ ನೀರಾವರಿ ಮತ್ತು ಹೊದಿಕೆಯನ್ನು ಖಚಿತಪಡಿಸಿಕೊಳ್ಳಿ; ಹರಡುವುದನ್ನು ತಡೆಯಲು ರೋಗಗ್ರಸ್ತ ಸಸಿಗಳನ್ನು ತೆಗೆದುಹಾಕಿ."
"banana pests,banana bunchy top,banana nematode","Banana nematodes and bunchy top virus reduce yields. Use clean planting material, nematicides where recommended, and maintain field sanitation.",வாழையில் நெமாட் மற்றும் பச்சை முக நோய் விளைச்சலை குறைக்கும். தூய விதைகள் பயன்படுத்தவும்.,केले में नीमैटोड़ और बन्ची टॉप वायरस नुकसान पहुंचाते हैं। साफ सामग्री और मैदान की सफाई रखें।,"అరటి నెమటోడ్లు మరియు గుబురుగా ఉండే పైభాగం వైరస్ దిగుబడిని తగ్గిస్తాయి. శుభ్రమైన నాటడం పదార్థాన్ని ఉపయోగించండి, సిఫార్సు చేయబడిన చోట నెమాటిసైడ్‌లను వాడండి మరియు క్షేత్ర పరిశుభ్రతను పాటించండి.","ಬಾಳೆ ನೆಮಟೋಡ್‌ಗಳು ಮತ್ತು ಬಂಚಿ ಟಾಪ್ ವೈರಸ್ ಇಳುವರಿಯನ್ನು ಕಡಿಮೆ ಮಾಡುತ್ತದೆ. ಸ್ವಚ್ಛ ನಾಟಿ ಸಾಮಗ್ರಿಯನ್ನು ಬಳಸಿ, ಶಿಫಾರಸು ಮಾಡಿದ ಕಡೆ ನೆಮಟಿಸೈಡ್‌ಗಳನ್ನು ಬಳಸಿ, ಮತ್ತು ಕ್ಷೇತ್ರದ ನೈರ್ಮಲ್ಯವನ್ನು ಕಾಪಾಡಿಕೊಳ್ಳಿ."
"guava care,guava pruning,guava pests",Guava requires light pruning to shape trees and improve air flow; use balanced fertilizers and control fruit flies with timely harvest and sanitation.,"கோவா மரங்களுக்கு இலகு வெட்டுதல், சரியான உரம் வழங்குதல் மற்றும் பழப்பறிப்பு மற்றும் சுத்தம் மூலம் பழ பறவை கட்டுப்பாடு செய்யவும்.",अमरूद को आकार देने के लिए हल्की छंटाई करें; संतुलित उर्वरक दें और फल मक्खी नियंत्रण रखें।,జామ చెట్లను ఆకృతి చేయడానికి మరియు గాలి ప్రసరణను మెరుగుపరచడానికి తేలికపాటి కత్తిరింపు అవసరం; సమతుల్య ఎరువులను ఉపయోగించండి మరియు సరైన సమయంలో కోత మరియు పరిశుభ్రతతో పండు ఈగలను నియంత్రించండి.,ಮರಗಳಿಗೆ ಆಕಾರ ನೀಡಲು ಮತ್ತು ಗಾಳಿಯ ಹರಿವನ್ನು ಸುಧಾರಿಸಲು ಪೇರಲಕ್ಕೆ ಲಘು ಕತ್ತರಿಸುವಿಕೆ ಅಗತ್ಯವಿದೆ; ಸಮತೋಲಿತ ಗೊಬ್ಬರಗಳನ್ನು ಬಳಸಿ ಮತ್ತು ಸಮಯೋಚಿತ ಕೊಯ್ಲು ಮತ್ತು ಸ್ವಚ್ಛತೆಯೊಂದಿಗೆ ಕಾಯಿ ನೊಣಗಳನ್ನು ನಿಯಂತ್ರಿಸಿ.
"papaya planting,papaya care,papaya disease",Papaya prefers well-drained soil and regular watering; use disease-free seedlings and stake young plants. Protect from wind and high rainfall during fruiting.,பப்பாளி நன்கு வடிகால் கொண்ட மண்ணில் வளர்க்கவும்; நோயில்லா விதைகள் மற்றும் சிறிய செடிகளை உறுதிசெய்க.,पपाया को अच्छी जलनिकासी वाली मिट्टी चाहिए; रोगमुक्त पौधे लगाएँ और फल आते समय तेज हवाओं से बचाएँ।,బొప్పాయికి మంచి నీటి పారుదల గల మట్టి మరియు క్రమం తప్పకుండా నీరు పెట్టడం అంటే ఇష్టం; వ్యాధి లేని మొలకలను ఉపయోగించండి మరియు చిన్న మొక్కలకు ఆధారాన్ని ఇవ్వండి. పండ్ల దశలో గాలి మరియు అధిక వర్షపాతం నుండి రక్షించండి.,ಪಪ್ಪಾಯಿಯು ಚೆನ್ನಾಗಿ ಬಸಿದು ಹೋಗುವ ಮಣ್ಣು ಮತ್ತು ನಿಯಮಿತ ನೀರುಣಿಸುವಿಕೆಯನ್ನು ಬಯಸುತ್ತದೆ; ರೋಗ-ಮುಕ್ತ ಸಸಿಗಳನ್ನು ಬಳಸಿ ಮತ್ತು ಸಣ್ಣ ಸಸ್ಯಗಳಿಗೆ ಬೆಂಬಲ ನೀಡಿ. ಕಾಯಿ ಕಟ್ಟುವ ಸಮಯದಲ್ಲಿ ಗಾಳಿ ಮತ್ತು ಅಧಿಕ ಮಳೆಯಿಂದ ರಕ್ಷಿಸಿ.
"pomegranate care,pomegranate irrigation,pomegranate pests",Pomegranate thrives in semi-arid regions; moderate irrigation during fruit development and light pruning improve yields. Watch for fruit rot in humid conditions.,மாதுளை எதிரொலி பகுதிகளில் சிறந்தது; பழ வளர்ச்சியின் போது ஒழுங்கான பாசனம் மற்றும் இலையச்சியைச் செய்யுங்கள்.,अनार अर्ध-शुष्क क्षेत्रों में अच्छा लगता है; फल वृद्धि में मध्यम सिंचाई और हल्की छंटाई करें।,దానిమ్మ సెమీ-అరిడ్ ప్రాంతాలలో బాగా పెరుగుతుంది; పండు అభివృద్ధి సమయంలో మితమైన నీటిపారుదల మరియు తేలికపాటి కత్తిరింపు దిగుబడిని మెరుగుపరుస్తాయి. తేమతో కూడిన పరిస్థితులలో పండు కుళ్ళిపోవడాన్ని గమనించండి.,ದಾಳಿಂಬೆ ಅರೆ-ಶುಷ್ಕ ಪ್ರದೇಶಗಳಲ್ಲಿ ಸಮೃದ್ಧಿಯಾಗುತ್ತದೆ; ಕಾಯಿ ಅಭಿವೃದ್ಧಿಯ ಸಮಯದಲ್ಲಿ ಮಧ್ಯಮ ನೀರಾವರಿ ಮತ್ತು ಲಘು ಕತ್ತರಿಸುವಿಕೆ ಇಳುವರಿಯನ್ನು ಸುಧಾರಿಸುತ್ತದೆ. ಆರ್ದ್ರ ಪರಿಸ್ಥಿತಿಗಳಲ್ಲಿ ಕಾಯಿ ಕೊಳೆತವನ್ನು ಗಮನಿಸಿ.
"coconut care,coconut irrigation,coconut nutrition",Coconut palms need deep watering in sandy soils and regular potassium application. Provide shade for young palms and manage mealybugs and rhinoceros beetle.,தேங்காய்க்கு மணல் மண்ணில் ஆழமான நீர் மற்றும் பொட்டாசியம் தேவை. இளம் மரங்களுக்கு நிழலை வழங்கவும்.,नारियल के पेड़ों को गहरी सिंचाई और पोटैशियम की आवश्यकता होती है। छोटे पौधों को छाया दें।,కొబ్బరి చెట్లకు ఇసుక నేలల్లో లోతైన నీరు మరియు క్రమం తప్పకుండా పొటాషియం వాడకం అవసరం. చిన్న చెట్లకు నీడను అందించండి మరియు పిండి పురుగులు మరియు ఖడ్గమృగం బీటిల్‌ను నిర్వహించండి.,ತೆಂಗಿನಕಾಯಿ ಮರಗಳಿಗೆ ಮರಳು ಮಣ್ಣಿನಲ್ಲಿ ಆಳವಾದ ನೀರುಹಾಕುವುದು ಮತ್ತು ನಿಯಮಿತ ಪೊಟ್ಯಾಸಿಯಮ್ ಅನ್ವಯದ ಅಗತ್ಯವಿದೆ. ಸಣ್ಣ ತಾಳೆ ಮರಗಳಿಗೆ ನೆರಳು ಒದಗಿಸಿ ಮತ್ತು ಹೇನುಗಳು ಮತ್ತು ಘೇಂಡಾಮೃಗ ಜೀರುಂಡೆಯನ್ನು ನಿರ್ವಹಿಸಿ.
"okra care,okra planting,okra pests","Okra grows well in warm, well-drained soils; thin seedlings and harvest frequently to encourage continuous production.","செவ்வகத்தில் வெப்பமான, நன்கு வடிகால் கொண்ட மண்ணில் நல்ல விளைவு தரும்; விதைகளை அகற்றவும் மற்றும் அடிக்கடி அறுவடையிடவும்.",भिंडी गर्म और अच्छी जलनिकासी वाली मिट्टी में अच्छी होती है; पौधों को ठीक से दूरी पर लगाएँ।,"బెండకాయ వెచ్చని, బాగా నీటి పారుదల గల నేలల్లో బాగా పెరుగుతుంది; మొలకలను పల్చబర్చండి మరియు నిరంతర ఉత్పత్తిని ప్రోత్సహించడానికి తరచుగా కోయండి.","ಬೆಂಡೆಕಾಯಿ ಬೆಚ್ಚಗಿನ, ಚೆನ್ನಾಗಿ ಬಸಿದು ಹೋಗುವ ಮಣ್ಣುಗಳಲ್ಲಿ ಚೆನ್ನಾಗಿ ಬೆಳೆಯುತ್ತದೆ; ಸಸಿಗಳನ್ನು ತೆಳುವಾಗಿಸಿ ಮತ್ತು ನಿರಂತರ ಉತ್ಪಾದನೆಯನ್ನು ಉತ್ತೇಜಿಸಲು ಆಗಾಗ್ಗೆ ಕೊಯ್ಲು ಮಾಡಿ."
"spinach care,spinach planting,spinach pests","Spinach prefers cool weather and regular moisture; harvest outer leaves to allow continuous regrowth, and use compost for healthy greens.",பர்கலை குளிர்ச்சியான வானிலை மற்றும் சீரான ஈரப்பதம் விரும்பும்; உட்பக்க இலைகளை அறுவடை செய்யுங்கள்.,पालक को ठंडा मौसम और नियमित नमी पसंद है; बाहरी पत्ते काटकर उगाएँ।,పాలకూరకు చల్లని వాతావరణం మరియు క్రమం తప్పకుండా తేమ అంటే ఇష్టం; నిరంతర ఎదుగుదలకు బయటి ఆకులను కోయండి మరియు ఆరోగ్యకరమైన ఆకుకూరల కోసం కంపోస్ట్ ఉపయోగించండి.,"ಪಾಲಕವು ತಂಪಾದ ಹವಾಮಾನ ಮತ್ತು ನಿಯಮಿತ ತೇವಾಂಶವನ್ನು ಬಯಸುತ್ತದೆ; ನಿರಂತರ ಪುನಃ ಬೆಳವಣಿಗೆಯನ್ನು ಅನುಮತಿಸಲು ಹೊರಗಿನ ಎಲೆಗಳನ್ನು ಕೊಯ್ಲು ಮಾಡಿ, ಮತ್ತು ಆರೋಗ್ಯಕರ ಸೊಪ್ಪುಗಳಿಗಾಗಿ ಮಿಶ್ರಗೊಬ್ಬರವನ್ನು ಬಳಸಿ."
"cabbage care,cabbage planting,cabbage pests",Cabbage grows in cool climates; maintain soil fertility and control cabbage pests such as caterpillars with biological controls.,கேபேஜ் குளிர் பருவங்களில் வளர்க்கவும்; பூச்சிகளை கட்டுப்படுத்த உயிரியல் முறைகள் பயன்படுத்தவும்.,पत्ता गोभी ठंडे मौसम में बढ़ती है; कीड़ों से जैविक नियंत्रण रखें।,క్యాబేజీ చల్లని వాతావరణంలో పెరుగుతుంది; మట్టి సారవంతాన్ని నిర్వహించండి మరియు జీవ నియంత్రణలతో క్యాబేజీ పురుగులైన గొంగళి పురుగులను నియంత్రించండి.,ಎಲೆಕೋಸು ತಂಪಾದ ಹವಾಮಾನದಲ್ಲಿ ಬೆಳೆಯುತ್ತದೆ; ಮಣ್ಣಿನ ಫಲವತ್ತತೆಯನ್ನು ಕಾಪಾಡಿಕೊಳ್ಳಿ ಮತ್ತು ಜೈವಿಕ ನಿಯಂತ್ರಣಗಳೊಂದಿಗೆ ಕಂಬಳಿ ಹುಳುಗಳಂತಹ ಎಲೆಕೋಸು ಕೀಟಗಳನ್ನು ನಿಯಂತ್ರಿಸಿ.
"lettuce care,lettuce planting,lettuce pests",Lettuce prefers cool and shaded conditions; use frequent watering and light fertilization for crisp heads.,லெட்டுஸ் குளிர் மற்றும் நிழலான சூழலில் நன்கு வளரும்; அடிக்கடி நீர் மற்றும் சிறிய உரம் பயன்படுத்தவும்.,लेट्यूस ठंडे और आंशिक छाया वाले स्थानों में अच्छा उगता है; नियमित पानी दें।,లెటుస్ చల్లని మరియు నీడ ఉన్న పరిస్థితులను ఇష్టపడుతుంది; స్ఫుటమైన తలల కోసం తరచుగా నీరు పెట్టడం మరియు తేలికపాటి ఎరువు వాడండి.,ಲೆಟಿಸ್ ತಂಪಾದ ಮತ್ತು ನೆರಳಿನ ಪರಿಸ್ಥಿತಿಗಳನ್ನು ಬಯಸುತ್ತದೆ; ಗರಿಗರಿಯಾದ ತಲೆಗಳಿಗೆ ಆಗಾಗ್ಗೆ ನೀರುಣಿಸುವುದು ಮತ್ತು ಲಘು ಗೊಬ್ಬರವನ್ನು ಬಳಸಿ.
"cucumber care,cucumber planting,cucumber pests",Cucumber likes warm weather and trellising; provide consistent moisture and protect from powdery mildew.,வெள்ளரிக்காய் வெப்பத்தை விரும்பும்; மிதமான ஈரப்பதம் மற்றும் பூஞ்சை நோய்களை கவனிக்கவும்.,खीरा गर्म मौसम और ट्रीलिसिंग पसंद करता है; नियमित नमी रखें।,దోసకాయకు వెచ్చని వాతావరణం మరియు పందిరి అవసరం; స్థిరమైన తేమను అందించండి మరియు బూడిద తెగులు నుండి రక్షించండి.,ಸೌತೆಕಾಯಿ ಬೆಚ್ಚಗಿನ ಹವಾಮಾನ ಮತ್ತು ಟ್ರೆಲಿಸಿಂಗ್ ಅನ್ನು ಇಷ್ಟಪಡುತ್ತದೆ; ಸ್ಥಿರವಾದ ತೇವಾಂಶವನ್ನು ಒದಗಿಸಿ ಮತ್ತು ಪುಡಿ ಶಿಲೀಂಧ್ರದಿಂದ ರಕ್ಷಿಸಿ.
"bottle gourd care,bottle gourd planting,bottle gourd pests",Bottle gourd requires trellis support and regular watering; harvest fruits young for best taste.,சர்க்கரை குலுக்கை போன்ற காய்கறிகள் துரித வளர்ச்சிக்காக துருவைப் பொருத்தும்; இனிமையான தண்டு வாழைப்பழங்களை சிறிய நிலையில் அறுவடை செய்யவும்.,लौकी को सहारे और नियमित पानी की आवश्यकता होती है; फल छोटे अवस्था में काटें।,సొరకాయకు పందిరి మద్దతు మరియు క్రమం తప్పకుండా నీరు పెట్టడం అవసరం; ఉత్తమ రుచి కోసం లేత పండ్లను కోయండి.,ಸೋರೆಕಾಯಿಗೆ ಪಂದಾಳ ಬೆಂಬಲ ಮತ್ತು ನಿಯಮಿತ ನೀರುಣಿಸುವಿಕೆ ಅಗತ್ಯವಿದೆ; ಉತ್ತಮ ರುಚಿಗಾಗಿ ಕಾಯಿಗಳನ್ನು ಚಿಕ್ಕದಾಗಿದ್ದಾಗ ಕೊಯ್ಲು ಮಾಡಿ.
"beetroot care,beetroot planting,beetroot pests",Beetroot prefers deep loose soil and consistent moisture; thin seedlings and harvest when roots reach market size.,"பீட்ரூட் ஆழமான, தளர்ந்த மண்ணையும் சமமாக ஈரப்பதத்தையும் விரும்பும்; விதைகளைக் குறைக்கவும்.",चुकंदर गहरी ढीली मिट्टी और नियमित नमी पसंद करता है; पौधों को समय पर छांटें।,బీట్రూట్ లోతైన వదులుగా ఉండే మట్టి మరియు స్థిరమైన తేమను ఇష్టపడుతుంది; మొలకలను పల్చబర్చండి మరియు దుంపలు మార్కెట్ పరిమాణానికి చేరుకున్నప్పుడు కోయండి.,ಬೀಟ್ರೂಟ್ ಆಳವಾದ ಸಡಿಲವಾದ ಮಣ್ಣು ಮತ್ತು ಸ್ಥಿರವಾದ ತೇವಾಂಶವನ್ನು ಬಯಸುತ್ತದೆ; ಸಸಿಗಳನ್ನು ತೆಳುಗೊಳಿಸಿ ಮತ್ತು ಬೇರುಗಳು ಮಾರುಕಟ್ಟೆ ಗಾತ್ರವನ್ನು ತಲುಪಿದಾಗ ಕೊಯ್ಲು ಮಾಡಿ.
"guava care,guava pests,guava planting",Guava grows in a wide range of soils; prune to maintain tree shape and harvest fruits at full color for best flavor.,கோவா பல்வேறு மண்ண்களில் வளரும்; மரத்தை வடிவமைக்கக் கிழித்தல் செய்யவும்.,अमरूद विभिन्न मिट्टियों में उगता है; आकार बनाए रखने के लिए छंटाई करें।,జామ విస్తృత శ్రేణి నేలల్లో పెరుగుతుంది; చెట్టు ఆకృతిని నిర్వహించడానికి కత్తిరించండి మరియు ఉత్తమ రుచి కోసం పూర్తిగా రంగు మారినప్పుడు పండ్లను కోయండి.,ಪೇರಲವು ವಿವಿಧ ರೀತಿಯ ಮಣ್ಣುಗಳಲ್ಲಿ ಬೆಳೆಯುತ್ತದೆ; ಮರದ ಆಕಾರವನ್ನು ಕಾಪಾಡಿಕೊಳ್ಳಲು ಕತ್ತರಿಸು ಮತ್ತು ಉತ್ತಮ ರುಚಿಗಾಗಿ ಹಣ್ಣುಗಳನ್ನು ಪೂರ್ಣ ಬಣ್ಣದಲ್ಲಿ ಕೊಯ್ಲು ಮಾಡಿ.
"papaya care,papaya pests,papaya planting",Papaya needs well-drained soil and regular watering; protect from strong winds and use staking for tall varieties.,பப்பாளி நல்ல வடிகால் பட்ஊர்மணிக்கு மற்றும் முறையான நீர் தேவை.,पपाया को अच्छी जलनिकासी और नियमित पानी चाहिए; तेज हवा से बचाएँ।,బొప్పాయికి మంచి నీటి పారుదల గల మట్టి మరియు క్రమం తప్పకుండా నీరు పెట్టడం అవసరం; బలమైన గాలుల నుండి రక్షించండి మరియు పొడవైన రకాలకు ఆధారాన్ని ఉపయోగించండి.,ಪಪ್ಪಾಯಿಗೆ ಚೆನ್ನಾಗಿ ಬಸಿದು ಹೋಗುವ ಮಣ್ಣು ಮತ್ತು ನಿಯಮಿತ ನೀರುಣಿಸುವಿಕೆ ಅಗತ್ಯವಿದೆ; ಬಲವಾದ ಗಾಳಿಗಳಿಂದ ರಕ್ಷಿಸಿ ಮತ್ತು ಎತ್ತರದ ಪ್ರಭೇದಗಳಿಗೆ ಆಸರೆ ನೀಡಿ.
"pomegranate care,pomegranate pests,pomegranate planting",Pomegranate thrives in semi-arid climates; light pruning and moderate irrigation during fruiting give good yields.,மாதுளை அரை வறண்ட பகுதிகளில் சிறந்தது; சிறிய வெட்டுதல் மற்றும் மிதமான பாசனம் பயனாகும்.,अनार अर्ध-शुष्क जलवायु में अच्छा होता है; हल्की छंटाई और मध्यम सिंचाई करें।,దానిమ్మ సెమీ-అరిడ్ వాతావరణంలో బాగా పెరుగుతుంది; పండ్ల దశలో తేలికపాటి కత్తిరింపు మరియు మితమైన నీటిపారుదల మంచి దిగుబడిని ఇస్తాయి.,ದಾಳಿಂಬೆ ಅರೆ-ಶುಷ್ಕ ಹವಾಮಾನದಲ್ಲಿ ಸಮೃದ್ಧಿಯಾಗುತ್ತದೆ; ಹಣ್ಣು ಕಟ್ಟುವ ಸಮಯದಲ್ಲಿ ಲಘು ಕತ್ತರಿಸುವಿಕೆ ಮತ್ತು ಮಧ್ಯಮ ನೀರಾವರಿ ಉತ್ತಮ ಇಳುವರಿಯನ್ನು ನೀಡುತ್ತದೆ.
"grapes care,grapes pests,grapes planting","Grapes require trellis systems, regular pruning and good sunlight; monitor for fungal diseases in humid areas.","திராட்சை மண்டபம் தேவை, வழக்கமான வெட்டுதல் மற்றும் நல்ல சூரிய ஒளி தேவை.",अंगूरों को ट्रीलिसिंग और नियमित छंटाई की जरूरत होती है; आद्रता में फफूंदी का ध्यान रखें।,"ద్రాక్షకు పందిరి వ్యవస్థలు, క్రమం తప్పకుండా కత్తిరింపు మరియు మంచి సూర్యకాంతి అవసరం; తేమ ఉన్న ప్రాంతాలలో శిలీంధ్ర వ్యాధుల కోసం పర్యవేక్షించండి.","ದ್ರಾಕ್ಷಿಗೆ ಪಂದಾಳ ವ್ಯವಸ್ಥೆಗಳು, ನಿಯಮಿತ ಕತ್ತರಿಸುವಿಕೆ ಮತ್ತು ಉತ್ತಮ ಸೂರ್ಯನ ಬೆಳಕು ಅಗತ್ಯವಿದೆ; ಆರ್ದ್ರ ಪ್ರದೇಶಗಳಲ್ಲಿ ಶಿಲೀಂಧ್ರ ರೋಗಗಳಿಗಾಗಿ ಮೇಲ್ವಿಚಾರಣೆ ಮಾಡಿ."
"apple care,apple pests,apple planting",Apple prefers temperate climates and chilling hours; select suitable cultivars and manage pests and blossom thinning for quality fruit.,ஆப்பிள் குளிர் பருவத்தில் சிறந்தது; சரியான வகைகளை தேர்ந்தெடுத்து பூச்சிகளை கட்டுப்படுத்து.,सेब समशीतोष्ण जलवायु में अच्छा होता है; उपयुक्त किस्म चुनें और फूलों की छंटाई करें।,యాపిల్‌కు సమశీతోష్ణ వాతావరణం మరియు చలి కాలం కావాలి; నాణ్యమైన పండ్ల కోసం తగిన రకాలను ఎంచుకోండి మరియు కీటకాలు మరియు పూల పల్చబరచడాన్ని నిర్వహించండి.,ಸೇಬು ಸಮಶೀತೋಷ್ಣ ಹವಾಮಾನ ಮತ್ತು ಶೀತಲೀಕರಣದ ಅವಧಿಯನ್ನು ಆದ್ಯತೆ ನೀಡುತ್ತದೆ; ಸೂಕ್ತವಾದ ತಳಿಗಳನ್ನು ಆಯ್ಕೆಮಾಡಿ ಮತ್ತು ಗುಣಮಟ್ಟದ ಹಣ್ಣುಗಾಗಿ ಕೀಟಗಳು ಮತ್ತು ಹೂವು ತೆಳುವಾಗುವುದನ್ನು ನಿರ್ವಹಿಸಿ.
"teak care,teak planting,teak pests",Teak requires well-drained soils and protection in early years; manage spacing for timber quality and control weeds regularly.,தீக் மரத்திற்கு நல்ல வடிகால் மண் மற்றும் ஆரம்ப ஆண்டு பாதுகாப்பு அவசியம்.,टीक को अच्छी जलनिकासी और शुरुआती वर्षों में सुरक्षा चाहिए; अंतराल बनाए रखें.,టేకుకు మంచి నీటి పారుదల గల నేలలు మరియు ప్రారంభ సంవత్సరాల్లో రక్షణ అవసరం; కలప నాణ్యత కోసం దూరాన్ని నిర్వహించండి మరియు కలుపు మొక్కలను క్రమం తప్పకుండా నియంత్రించండి.,ತೇಗಿಗೆ ಚೆನ್ನಾಗಿ ಬಸಿದು ಹೋಗುವ ಮಣ್ಣುಗಳು ಮತ್ತು ಆರಂಭಿಕ ವರ್ಷಗಳಲ್ಲಿ ರಕ್ಷಣೆ ಅಗತ್ಯವಿದೆ; ಮರದ ಗುಣಮಟ್ಟಕ್ಕಾಗಿ ಅಂತರವನ್ನು ನಿರ್ವಹಿಸಿ ಮತ್ತು ಕಳೆಗಳನ್ನು ನಿಯಮಿತವಾಗಿ ನಿಯಂತ್ರಿಸಿ.
"eucalyptus care,eucalyptus planting,eucalyptus pests",Eucalyptus grows fast in a range of soils; manage harvest cycles and watch for excessive water uptake in shallow soils.,ஈucalyptus வேகமாக வளர்ந்து பல்வேறு மண் வகைகளில் வளரும்; அறுவடை காலங்களை சீராக்கவும்.,यूकेलिप्टस तेजी से बढ़ता है; जमीनी पानी पर ध्यान दें।,యూకలిప్టస్ వివిధ రకాల నేలల్లో వేగంగా పెరుగుతుంది; కోత చక్రాలను నిర్వహించండి మరియు లోతు లేని నేలల్లో అధిక నీటిని గ్రహించడాన్ని గమనించండి.,ಯೂಕಲಿಪ್ಟಸ್ ವಿವಿಧ ಮಣ್ಣುಗಳಲ್ಲಿ ವೇಗವಾಗಿ ಬೆಳೆಯುತ್ತದೆ; ಕೊಯ್ಲು ಚಕ್ರಗಳನ್ನು ನಿರ್ವಹಿಸಿ ಮತ್ತು ಆಳವಿಲ್ಲದ ಮಣ್ಣುಗಳಲ್ಲಿ ಅತಿಯಾದ ನೀರಿನ ಹೀರಿಕೊಳ್ಳುವಿಕೆಯನ್ನು ಗಮನಿಸಿ.
"neem care,neem planting,neem pests",Neem is drought tolerant and useful for integrated pest management; use leaves and cake as organic inputs.,நீம் வறட்சிக்குத் தகுதியானது மற்றும் பூச்சி மேலாண்மையில் பயனுள்ளது.,नीम सूखे सहनशील है और कीट नियंत्रण में उपयोगी है।,వేప కరువును తట్టుకుంటుంది మరియు సమగ్ర కీటక నిర్వహణకు ఉపయోగపడుతుంది; ఆకులు మరియు కేకును సేంద్రీయ ఇన్‌పుట్‌లుగా ఉపయోగించండి.,ಬೇವು ಬರಗಾಲ ಸಹಿಷ್ಣು ಮತ್ತು ಸಮಗ್ರ ಕೀಟ ನಿರ್ವಹಣೆಗೆ ಉಪಯುಕ್ತವಾಗಿದೆ; ಸಾವಯವ ಒಳಹರಿವುಗಳಾಗಿ ಎಲೆಗಳು ಮತ್ತು ಹಿಂಡಿಯನ್ನು ಬಳಸಿ.
"moringa care,moringa planting,moringa pests",Moringa grows quickly in dry areas and is nutrient-rich; prune regularly and harvest leaves for nutrition.,முருங்கை உலர் பகுதிகளில் விரைவாக வளரும் மற்றும் சத்தானது.,सहजन (मोरिंगा) सूखे इलाकों में उगता है और पौष्टिक होता है।,మునగ పొడి ప్రాంతాలలో త్వరగా పెరుగుతుంది మరియు పోషకాలు సమృద్ధిగా ఉంటుంది; క్రమం తప్పకుండా కత్తిరించండి మరియు పోషణ కోసం ఆకులను కోయండి.,ನುಗ್ಗೆಕಾಯಿ ಒಣ ಪ್ರದೇಶಗಳಲ್ಲಿ ವೇಗವಾಗಿ ಬೆಳೆಯುತ್ತದೆ ಮತ್ತು ಪೋಷಕಾಂಶ ಭರಿತವಾಗಿದೆ; ನಿಯಮಿತವಾಗಿ ಕತ್ತರಿಸಿ ಮತ್ತು ಪೋಷಣೆಗಾಗಿ ಎಲೆಗಳನ್ನು ಕೊಯ್ಲು ಮಾಡಿ.
"soil testing,soil testing benefits",Soil testing every 1-2 years helps determine nutrient needs and pH; follow soil-test recommendations for fertilizer application.,ஒவ்வொரு 1-2 ஆண்டிலும் மண் சோதனை மூலம் உர தேவைகள் மற்றும் pH அடையாளம் காணலாம்.,1-2 साल में मिट्टी परीक्षण करें और रिपोर्ट के अनुसार उर्वरक दें.,ప్రతి 1-2 సంవత్సరాలకు మట్టి పరీక్ష పోషకాల అవసరాలు మరియు pH ను నిర్ణయించడానికి సహాయపడుతుంది; ఎరువుల వాడకానికి మట్టి-పరీక్ష సిఫార్సులను పాటించండి.,ಪ್ರತಿ 1-2 ವರ್ಷಗಳಿಗೊಮ್ಮೆ ಮಣ್ಣು ಪರೀಕ್ಷೆ ಪೋಷಕಾಂಶಗಳ ಅಗತ್ಯತೆಗಳು ಮತ್ತು pH ಅನ್ನು ನಿರ್ಧರಿಸಲು ಸಹಾಯ ಮಾಡುತ್ತದೆ; ಗೊಬ್ಬರ ಅನ್ವಯಕ್ಕಾಗಿ ಮಣ್ಣು-ಪರೀಕ್ಷಾ ಶಿಫಾರಸುಗಳನ್ನು ಅನುಸರಿಸಿ.
"compost,compost benefits","Compost improves soil structure, water holding and provides slow-release nutrients; apply compost before planting or as a top dressing.",கம்போஸ்ட் மண் அமைப்பை மேம்படுத்த உதவும் மற்றும் மெதுவாக ஊட்டச்சத்துகளை வழங்கும்.,खाद मिट्टी की बनावट और पानी धारण क्षमता बढ़ाती है; बोने से पहले डालें.,"కంపోస్ట్ మట్టి నిర్మాణం, నీటిని పట్టుకునే సామర్థ్యాన్ని మెరుగుపరుస్తుంది మరియు నెమ్మదిగా విడుదల చేసే పోషకాలను అందిస్తుంది; నాటడానికి ముందు లేదా పై పూతగా కంపోస్ట్‌ను వాడండి.","ಮಿಶ್ರಗೊಬ್ಬರ ಮಣ್ಣಿನ ರಚನೆ, ನೀರು ಹಿಡಿದಿಟ್ಟುಕೊಳ್ಳುವಿಕೆಯನ್ನು ಸುಧಾರಿಸುತ್ತದೆ ಮತ್ತು ನಿಧಾನವಾಗಿ ಬಿಡುಗಡೆಯಾಗುವ ಪೋಷಕಾಂಶಗಳನ್ನು ಒದಗಿಸುತ್ತದೆ; ನಾಟಿ ಮಾಡುವ ಮೊದಲು ಅಥವಾ ಮೇಲಿನ ಡ್ರೆಸ್ಸಿಂಗ್ ಆಗಿ ಮಿಶ್ರಗೊಬ್ಬರವನ್ನು ಅನ್ವಯಿಸಿ."
"drip irrigation,drip irrigation benefits",Drip irrigation saves water and improves yield by supplying moisture at root zone; ideal for vegetables and orchards.,டிரிப் பாசனம் நீரை மிச்சப்படுத்தும் மற்றும் வேர்வளத்தில் நீர் அளிக்கும்.,ड्रिप सिंचाई पानी बचाती है और जड़ों तक सीधे पानी देती है।,డ్రిప్ ఇరిగేషన్ నీటిని ఆదా చేస్తుంది మరియు వేరు ప్రాంతంలో తేమను అందించడం ద్వారా దిగుబడిని మెరుగుపరుస్తుంది; కూరగాయలు మరియు తోటలకు ఆదర్శవంతమైనది.,ಹನಿ ನೀರಾವರಿ ನೀರನ್ನು ಉಳಿಸುತ್ತದೆ ಮತ್ತು ಬೇರಿನ ವಲಯದಲ್ಲಿ ತೇವಾಂಶವನ್ನು ಪೂರೈಸುವ ಮೂಲಕ ಇಳುವರಿಯನ್ನು ಸುಧಾರಿಸುತ್ತದೆ; ತರಕಾರಿಗಳು ಮತ್ತು ತೋಟಗಳಿಗೆ ಸೂಕ್ತವಾಗಿದೆ.
"green manure,green manure benefits","Green manures (sesbania, sunn hemp) add organic matter and nitrogen; incorporate before sowing main crop.",பசுமை உரங்கள் நுண்ணுயிர் மற்றும் நைட்ரஜன் கொடுக்கும்; முதலில் சேர்க்கவும்.,हरी खादें जैसे सैसबानिया और सन हेम्प जैविक पदार्थ जोड़ती हैं; मुख्य फसल से पहले मिलाएँ।,"పచ్చి ఎరువులు (సెస్‌బానియా, జనుము) సేంద్రీయ పదార్థం మరియు నైట్రోజన్‌ను జోడిస్తాయి; ప్రధాన పంటను విత్తే ముందు వాటిని కలిపి దున్నండి.","ಹಸಿರು ಗೊಬ್ಬರಗಳು (ಸೆಸ್ಬೇನಿಯಾ, ಸನ್ ಹೆಂಪ್) ಸಾವಯವ ವಸ್ತು ಮತ್ತು ಸಾರಜನಕವನ್ನು ಸೇರಿಸುತ್ತವೆ; ಮುಖ್ಯ ಬೆಳೆ ಬಿತ್ತುವ ಮೊದಲು ಅಳವಡಿಸಿ."
"pest scouting,pest scouting benefits",Regular pest scouting helps early detection; maintain records and act using IPM thresholds to reduce pesticide use.,பூச்சி கண்காணிப்பு மூலம் ஆரம்ப கட்டத்தில் கண்டறிய முடியும்; IPM அடிப்படையில் நடவடிக்கை எடுக்கவும்.,नियमित कीट निरीक्षण से शुरुआती पहचान होती है; IPM पर काम करें।,క్రమం తప్పకుండా కీటకాల పర్యవేక్షణ ప్రారంభ గుర్తింపుకు సహాయపడుతుంది; పురుగుమందుల వాడకాన్ని తగ్గించడానికి IPM పరిమితులను ఉపయోగించి రికార్డులను నిర్వహించండి మరియు చర్య తీసుకోండి.,ನಿಯಮಿತ ಕೀಟಗಳ ಸ್ಕೌಟಿಂಗ್ ಆರಂಭಿಕ ಪತ್ತೆಗೆ ಸಹಾಯ ಮಾಡುತ್ತದೆ; ದಾಖಲೆಗಳನ್ನು ನಿರ್ವಹಿಸಿ ಮತ್ತು ಕೀಟನಾಶಕ ಬಳಕೆಯನ್ನು ಕಡಿಮೆ ಮಾಡಲು IPM ಮಿತಿಗಳನ್ನು ಬಳಸಿಕೊಂಡು ಕಾರ್ಯನಿರ್ವಹಿಸಿ.
fertilizer for paddy,Apply basal dose at transplanting and split nitrogen during tillering and panicle initiation stages; follow soil test rates.,நெலுக்கு முதலில் விதைப்ப સમયે அடிப்படை உரம் மற்றும் நடுவணங்களில் நைட்ரஜன் பிரித்து கொடு.,धान में बेसल और टीलरिंग के समय विभाजित नाइट्रोजन दें।,నాటేటప్పుడు ప్రాథమిక మోతాదును వేయండి మరియు దుబ్బు వేసే మరియు వెన్ను ప్రారంభించే దశలలో నైట్రోజన్‌ను విడదీసి వేయండి; మట్టి పరీక్ష రేట్లను అనుసరించండి.,ಕಸಿ ಮಾಡುವಾಗ ಬಾಸಲ್ ಡೋಸ್ ಅನ್ನು ಅನ್ವಯಿಸಿ ಮತ್ತು ತೆನೆ ಮತ್ತು ಪ್ಯಾನಿಕಲ್ ಆರಂಭಿಕ ಹಂತಗಳಲ್ಲಿ ಸಾರಜನಕವನ್ನು ವಿಭಜಿಸಿ; ಮಣ್ಣು ಪರೀಕ್ಷಾ ದರಗಳನ್ನು ಅನುಸರಿಸಿ.
fertilizer for maize,Apply N in split doses and base P and K at planting; use soil test to adjust rates.,"மக்காச்சோளுக்கு நைட்ரஜன் பிரிக்கப்பட்ட அளவில் கொடுத்து, P மற்றும் K ரோபத்தோடு சேர்க்கவும்.","मक्का को विभाजित नाइट्रोजन और बेसल P,K दें।",మొక్కజొన్నకు నైట్రోజన్‌ను విడదీసి వేయండి మరియు నాటేటప్పుడు P మరియు K ని ప్రాథమికంగా వేయండి; రేట్లను సర్దుబాటు చేయడానికి మట్టి పరీక్షను ఉపయోగించండి.,ಮೆಕ್ಕೆಜೋಳಕ್ಕೆ N ಅನ್ನು ವಿಭಜಿತ ಪ್ರಮಾಣದಲ್ಲಿ ಮತ್ತು ನಾಟಿ ಮಾಡುವಾಗ P ಮತ್ತು K ಅನ್ನು ಮೂಲ ಪ್ರಮಾಣದಲ್ಲಿ ಅನ್ವಯಿಸಿ; ದರಗಳನ್ನು ಸರಿಹೊಂದಿಸಲು ಮಣ್ಣಿನ ಪರೀಕ್ಷೆಯನ್ನು ಬಳಸಿ.
"post harvest storage,postharvest handling,storage of grains","Post-harvest handling: dry grains to safe moisture level, clean storage, use airtight containers or silos and monitor for pests. Good handling preserves quality.",அறுவடைப்பின் பிந்தைய சிக்கல்கள்: தானியங்களைப் பாதுகாப்பு ஈரப்பதம் குறைக்கவும் மற்றும் பூச்சிமருந்து கண்காணிக்கவும்.,फसल के बाद की हेंडलिंग: अनाज को सुरक्षित नमी पर सुखाएं और कीट निगरानी रखें।,"కోత తర్వాత నిర్వహణ: ధాన్యాలను సురక్షితమైన తేమ స్థాయికి ఆరబెట్టండి, నిల్వను శుభ్రం చేయండి, గాలి చొరబడని కంటైనర్లు లేదా సైలోలను ఉపయోగించండి మరియు కీటకాల కోసం పర్యవేక్షించండి. మంచి నిర్వహణ నాణ్యతను కాపాడుతుంది.","ಕೊಯ್ಲಿನ ನಂತರದ ನಿರ್ವಹಣೆ: ಧಾನ್ಯಗಳನ್ನು ಸುರಕ್ಷಿತ ತೇವಾಂಶ ಮಟ್ಟಕ್ಕೆ ಒಣಗಿಸಿ, ಸಂಗ್ರಹಣೆಯನ್ನು ಸ್ವಚ್ಛಗೊಳಿಸಿ, ಗಾಳಿಯಾಡದ ಪಾತ್ರೆಗಳು ಅಥವಾ ಸೈಲೋಗಳನ್ನು ಬಳಸಿ ಮತ್ತು ಕೀಟಗಳಿಗಾಗಿ ಮೇಲ್ವಿಚಾರಣೆ ಮಾಡಿ. ಉತ್ತಮ ನಿರ್ವಹಣೆ ಗುಣಮಟ್ಟವನ್ನು ಕಾಪಾಡುತ್ತದೆ."
"certified seeds,seed selection,quality seeds","Use certified, disease-free seeds or seedlings to ensure healthy stands and higher yield; source from trusted suppliers and follow spacing recommendations.",சான்றளிக்கப்பட்ட நோய் இல்லாத விதைகள் பயன்படுத்தவும்; நம்பகமான சப்ளையர்களிடமிருந்து வாங்கவும்.,प्रमाणित और रोगमुक्त बीज लें; विश्वसनीय आपूर्तिकर्ता से खरीदें।,"ఆరోగ్యకరమైన పెరుగుదల మరియు అధిక దిగుబడి కోసం ధృవీకరించబడిన, వ్యాధి లేని విత్తనాలను లేదా మొలకలను ఉపయోగించండి; విశ్వసనీయ సరఫరాదారుల నుండి తీసుకోండి మరియు దూరం సిఫార్సులను పాటించండి.","ಆರೋಗ್ಯಕರ ಸಸ್ಯಗಳು ಮತ್ತು ಹೆಚ್ಚಿನ ಇಳುವರಿಯನ್ನು ಖಚಿತಪಡಿಸಿಕೊಳ್ಳಲು ಪ್ರಮಾಣೀಕೃತ, ರೋಗ-ಮುಕ್ತ ಬೀಜಗಳು ಅಥವಾ ಸಸಿಗಳನ್ನು ಬಳಸಿ; ವಿಶ್ವಾಸಾರ್ಹ ಪೂರೈಕೆದಾರರಿಂದ ಮೂಲ ಮತ್ತು ಅಂತರದ ಶಿಫಾರಸುಗಳನ್ನು ಅನುಸರಿಸಿ."
"hello,hi,good morning,வணக்கம்,नमस्ते","Hello! 👋 I’m your AgriBot — ask me about crops, soil, pests, irrigation or fertilizers.","வணக்கம்! 👋 நான் உங்கள் அக்க்ரோபாட் — பயிர்கள், மண், பூச்சிகள் பற்றிக் கேளுங்கள்.","नमस्ते! 👋 मैं आपका एग्रीबॉट हूँ — फसल, मिट्टी, कीट या सिंचाई के बारे में पूछें।","నమస్కారం! 👋 నేను మీ ఆగ్రిబాట్ — పంటలు, మట్టి, కీటకాలు, నీటిపారుదల లేదా ఎరువుల గురించి నన్ను అడగండి.","ನಮಸ್ಕಾರ! 👋 ನಾನು ನಿಮ್ಮ ಅಗ್ರಿಬಾಟ್ — ಬೆಳೆಗಳು, ಮಣ್ಣು, ಕೀಟಗಳು, ನೀರಾವರಿ ಅಥವಾ ಗೊಬ್ಬರಗಳ ಬಗ್ಗೆ ನನ್ನನ್ನು ಕೇಳಿ."
"thank you,thanks,நன்றி,धन्यवाद",You're welcome! 😊 Glad I could help. Ask anytime.,நன்றி! 😊 உதவியதில் மகிழ்ச்சி. எப்போது வேண்டுமானாலும் கேளுங்கள்.,धन्यवाद! 😊 मदद कर पाकर खुशी हुई।,మీకు స్వాగతం! 😊 నేను సహాయం చేసినందుకు సంతోషంగా ఉంది. ఎప్పుడైనా అడగండి.,ಸ್ವಾಗತ! 😊 ನಾನು ಸಹಾಯ ಮಾಡಿದ್ದಕ್ಕೆ ಸಂತೋಷವಾಗಿದೆ. ಯಾವಾಗ ಬೇಕಾದರೂ ಕೇಳಿ.